name,email,company,tags
Al Barari Team,marketing@albarari.ae,Al Barari,"uae-developer,dubai,already-contacted"
Iman Developers Team,customerservice@imandevelopers.com,Iman Developers,"uae-developer,dubai,already-contacted"
London Gate Team,info@londongate.ae,London Gate,"uae-developer,dubai,already-contacted"
Ohana Development Team,info@ohana-development.com,Ohana Development,"uae-developer,dubai,already-contacted"
Beyond Developments Team,enquiries@beyondproperties.ae,Beyond Developments,"uae-developer,dubai,already-contacted"
BNW Developments Team,info@bnw.ae,BNW Developments,"uae-developer,dubai,already-contacted"
Vincitore Realty Team,info@vincitorerealty.com,Vincitore Realty,"uae-developer,dubai,already-contacted"
H&H Development Team,info@h-h.ae,H&H Development,"uae-developer,dubai,already-contacted"
Meydan Real Estate Team,info.realestate@meydan.ae,Meydan Real Estate,"uae-developer,dubai,already-contacted"
Eagle Hills Team,info@eaglehills.com,Eagle Hills,"uae-developer,dubai,already-contacted"
Swank Development Team,info@swankdevelopment.com,Swank Development,"uae-developer,dubai,already-contacted"
Khamas Group Team,info@salahkhamasgroup.com,Khamas Group,"uae-developer,dubai,already-contacted"
Aark Developers Team,info@aarkdevelopers.com,Aark Developers,"uae-developer,dubai,already-contacted"
Acube Developments Team,info@acube.ae,Acube Developments,"uae-developer,dubai,already-contacted"
Meteora Developers Team,properties@meteoradevelopers.com,Meteora Developers,"uae-developer,dubai,already-contacted"
Refine Development Team,info@refinedubai.com,Refine Development,"uae-developer,dubai,already-contacted"
Signature Developers Team,info@signaturedevelopers.ae,Signature Developers,"uae-developer,dubai,already-contacted"
Lootah Real Estate Development Team,optr.dxb@lootahgroup.com,Lootah Real Estate Development,"uae-developer,dubai,already-contacted"
Segrex Development Team,info@segrexdevelopment.com,Segrex Development,"uae-developer,dubai,already-contacted"
Dugasta Properties Team,info@dugasta.com,Dugasta Properties,"uae-developer,dubai,already-contacted"
Aqua Properties Team,info@aquaproperties.com,Aqua Properties,"uae-developer,dubai,already-contacted"
LIV Developers Team,info@livuae.com,LIV Developers,"uae-developer,dubai,already-contacted"
Bloom Holding Team,customerservice@bloomholding.com,Bloom Holding,"uae-developer,dubai,already-contacted"
Nshama Team,info@nshama.com,Nshama,"uae-developer,dubai,already-contacted"
NYX Properties Team,info@nyxproperties.com,NYX Properties,"uae-developer,dubai,already-contacted"
Shamal Holding Team,info@shamalholding.com,Shamal Holding,"uae-developer,dubai,already-contacted"
Dar Global Team,info@darglobal.co.uk,Dar Global,"uae-developer,dubai,already-contacted"
GJ Properties Team,info@gjproperties.ae,GJ Properties,"uae-developer,dubai,already-contacted"
Vision Developments Team,info@visiondevelopments.ae,Vision Developments,"uae-developer,dubai,already-contacted"
AVENEW Development Team,info@avenevdevelopment.com,AVENEW Development,"uae-developer,dubai,already-contacted"
